2023-10-05 07:54:20,falcon-pod-c03
2023-10-05 07:55:31,falcon-pod-c06
2023-10-05 07:56:20,falcon-pod-b04
2023-10-05 07:57:20,falcon-pod-b02
2023-10-05 07:58:18,falcon-pod-c10
2023-10-05 07:59:30,falcon-pod-a02
2023-10-05 08:00:21,falcon-pod-a05
2023-10-05 08:01:23,falcon-pod-c01
2023-10-05 08:02:11,falcon-pod-b05
2023-10-05 08:03:03,falcon-pod-c08
2023-10-05 08:03:55,falcon-pod-b03
2023-10-05 08:05:06,falcon-pod-c09
2023-10-05 08:06:12,falcon-pod-a03
2023-10-05 08:07:04,falcon-pod-c07
2023-10-05 08:08:05,falcon-pod-a01
2023-10-05 08:09:10,falcon-pod-c05
2023-10-05 08:10:12,falcon-pod-c04
2023-10-05 08:11:10,falcon-pod-a04
2023-10-05 08:12:10,falcon-pod-c02
2023-10-05 08:13:02,falcon-pod-b01
