05:17:54.690094,log.go:194] falcon-pod-01 in Prefilter
05:17:54.713599,"event.go:307] ""Event occurred"" object=""default/falcon-pod-01"" fieldPath="""" kind=""Pod"" apiVersion=""v1"" type=""Normal"" reason=""Reconfig"" message=""Pod falcon-pod-01 needs reconfiguration"""
05:18:34.904763,log.go:194] falcon-pod-01 in Prefilter
05:18:35.498274,"event.go:307] ""Event occurred"" object=""default/falcon-pod-01"" fieldPath="""" kind=""Pod"" apiVersion=""v1"" type=""Normal"" reason=""Reconfig"" message=""Pod falcon-pod-01 needs reconfiguration"""
05:18:44.094046,log.go:194] falcon-pod-02 in Prefilter
05:18:44.697166,"event.go:307] ""Event occurred"" object=""default/falcon-pod-02"" fieldPath="""" kind=""Pod"" apiVersion=""v1"" type=""Normal"" reason=""Reconfig"" message=""Pod falcon-pod-02 needs reconfiguration"""
05:19:14.893309,log.go:194] falcon-pod-03 in Prefilter
05:19:15.498664,"event.go:307] ""Event occurred"" object=""default/falcon-pod-03"" fieldPath="""" kind=""Pod"" apiVersion=""v1"" type=""Normal"" reason=""Reconfig"" message=""Pod falcon-pod-03 needs reconfiguration"""
05:19:45.894807,log.go:194] falcon-pod-04 in Prefilter
05:19:46.497561,"event.go:307] ""Event occurred"" object=""default/falcon-pod-04"" fieldPath="""" kind=""Pod"" apiVersion=""v1"" type=""Normal"" reason=""Reconfig"" message=""Pod falcon-pod-04 needs reconfiguration"""
05:24:15.046447,log.go:194] falcon-pod-01 in Prefilter
05:24:15.064107,"event.go:307] ""Event occurred"" object=""default/falcon-pod-01"" fieldPath="""" kind=""Pod"" apiVersion=""v1"" type=""Normal"" reason=""Reconfig"" message=""Pod falcon-pod-01 needs reconfiguration"""
05:24:54.651166,log.go:194] falcon-pod-02 in Prefilter
05:24:55.254341,"event.go:307] ""Event occurred"" object=""default/falcon-pod-02"" fieldPath="""" kind=""Pod"" apiVersion=""v1"" type=""Normal"" reason=""Reconfig"" message=""Pod falcon-pod-02 needs reconfiguration"""
05:25:35.456376,log.go:194] falcon-pod-03 in Prefilter
05:25:36.054761,"event.go:307] ""Event occurred"" object=""default/falcon-pod-03"" fieldPath="""" kind=""Pod"" apiVersion=""v1"" type=""Normal"" reason=""Reconfig"" message=""Pod falcon-pod-03 needs reconfiguration"""
05:25:46.051318,log.go:194] falcon-pod-04 in Prefilter
05:25:46.655697,"event.go:307] ""Event occurred"" object=""default/falcon-pod-04"" fieldPath="""" kind=""Pod"" apiVersion=""v1"" type=""Normal"" reason=""Reconfig"" message=""Pod falcon-pod-04 needs reconfiguration"""
05:26:16.451125,log.go:194] falcon-pod-05 in Prefilter
05:26:17.056356,"event.go:307] ""Event occurred"" object=""default/falcon-pod-05"" fieldPath="""" kind=""Pod"" apiVersion=""v1"" type=""Normal"" reason=""Reconfig"" message=""Pod falcon-pod-05 needs reconfiguration"""
05:26:37.050713,log.go:194] falcon-pod-06 in Prefilter
05:26:37.653558,"event.go:307] ""Event occurred"" object=""default/falcon-pod-06"" fieldPath="""" kind=""Pod"" apiVersion=""v1"" type=""Normal"" reason=""Reconfig"" message=""Pod falcon-pod-06 needs reconfiguration"""
05:27:17.850353,log.go:194] falcon-pod-07 in Prefilter
05:27:18.453870,"event.go:307] ""Event occurred"" object=""default/falcon-pod-07"" fieldPath="""" kind=""Pod"" apiVersion=""v1"" type=""Normal"" reason=""Reconfig"" message=""Pod falcon-pod-07 needs reconfiguration"""
05:27:48.451235,log.go:194] falcon-pod-08 in Prefilter
05:27:49.055459,"event.go:307] ""Event occurred"" object=""default/falcon-pod-08"" fieldPath="""" kind=""Pod"" apiVersion=""v1"" type=""Normal"" reason=""Reconfig"" message=""Pod falcon-pod-08 needs reconfiguration"""
05:28:09.051680,log.go:194] falcon-pod-02 in Prefilter
05:28:09.654745,"event.go:307] ""Event occurred"" object=""default/falcon-pod-02"" fieldPath="""" kind=""Pod"" apiVersion=""v1"" type=""Normal"" reason=""Reconfig"" message=""Pod falcon-pod-02 needs reconfiguration"""
05:32:37.417382,log.go:194] falcon-pod-01 in Prefilter
05:32:37.436892,"event.go:307] ""Event occurred"" object=""default/falcon-pod-01"" fieldPath="""" kind=""Pod"" apiVersion=""v1"" type=""Normal"" reason=""Reconfig"" message=""Pod falcon-pod-01 needs reconfiguration"""
05:33:18.478630,log.go:194] falcon-pod-02 in Prefilter
05:33:18.495885,"event.go:307] ""Event occurred"" object=""default/falcon-pod-02"" fieldPath="""" kind=""Pod"" apiVersion=""v1"" type=""Normal"" reason=""Reconfig"" message=""Pod falcon-pod-02 needs reconfiguration"""
05:34:03.605034,log.go:194] falcon-pod-03 in Prefilter
05:34:03.622615,"event.go:307] ""Event occurred"" object=""default/falcon-pod-03"" fieldPath="""" kind=""Pod"" apiVersion=""v1"" type=""Normal"" reason=""Reconfig"" message=""Pod falcon-pod-03 needs reconfiguration"""
05:34:53.274163,log.go:194] falcon-pod-04 in Prefilter
05:34:53.295734,"event.go:307] ""Event occurred"" object=""default/falcon-pod-04"" fieldPath="""" kind=""Pod"" apiVersion=""v1"" type=""Normal"" reason=""Reconfig"" message=""Pod falcon-pod-04 needs reconfiguration"""
05:35:44.440762,log.go:194] falcon-pod-05 in Prefilter
05:35:44.460304,"event.go:307] ""Event occurred"" object=""default/falcon-pod-05"" fieldPath="""" kind=""Pod"" apiVersion=""v1"" type=""Normal"" reason=""Reconfig"" message=""Pod falcon-pod-05 needs reconfiguration"""
05:36:28.788506,log.go:194] falcon-pod-06 in Prefilter
05:36:28.806285,"event.go:307] ""Event occurred"" object=""default/falcon-pod-06"" fieldPath="""" kind=""Pod"" apiVersion=""v1"" type=""Normal"" reason=""Reconfig"" message=""Pod falcon-pod-06 needs reconfiguration"""
05:37:17.708411,log.go:194] falcon-pod-07 in Prefilter
05:37:17.727273,"event.go:307] ""Event occurred"" object=""default/falcon-pod-07"" fieldPath="""" kind=""Pod"" apiVersion=""v1"" type=""Normal"" reason=""Reconfig"" message=""Pod falcon-pod-07 needs reconfiguration"""
05:37:57.919454,log.go:194] falcon-pod-07 in Prefilter
05:37:58.516145,"event.go:307] ""Event occurred"" object=""default/falcon-pod-07"" fieldPath="""" kind=""Pod"" apiVersion=""v1"" type=""Normal"" reason=""Reconfig"" message=""Pod falcon-pod-07 needs reconfiguration"""
05:43:29.230660,log.go:194] falcon-pod-01 in Prefilter
05:43:29.249050,"event.go:307] ""Event occurred"" object=""default/falcon-pod-01"" fieldPath="""" kind=""Pod"" apiVersion=""v1"" type=""Normal"" reason=""Reconfig"" message=""Pod falcon-pod-01 needs reconfiguration"""
05:44:30.488198,log.go:194] falcon-pod-02 in Prefilter
05:44:30.507331,"event.go:307] ""Event occurred"" object=""default/falcon-pod-02"" fieldPath="""" kind=""Pod"" apiVersion=""v1"" type=""Normal"" reason=""Reconfig"" message=""Pod falcon-pod-02 needs reconfiguration"""
05:45:10.703638,log.go:194] falcon-pod-02 in Prefilter
05:45:21.636946,log.go:194] falcon-pod-03 in Prefilter
05:45:21.656235,"event.go:307] ""Event occurred"" object=""default/falcon-pod-03"" fieldPath="""" kind=""Pod"" apiVersion=""v1"" type=""Normal"" reason=""Reconfig"" message=""Pod falcon-pod-03 needs reconfiguration"""
05:46:01.853942,log.go:194] falcon-pod-03 in Prefilter
05:46:02.444292,"event.go:307] ""Event occurred"" object=""default/falcon-pod-03"" fieldPath="""" kind=""Pod"" apiVersion=""v1"" type=""Normal"" reason=""Reconfig"" message=""Pod falcon-pod-03 needs reconfiguration"""
05:47:02.376906,log.go:194] falcon-pod-04 in Prefilter
05:48:10.994573,log.go:194] falcon-pod-05 in Prefilter
05:48:24.205397,log.go:194] falcon-pod-06 in Prefilter
05:48:24.222734,"event.go:307] ""Event occurred"" object=""default/falcon-pod-06"" fieldPath="""" kind=""Pod"" apiVersion=""v1"" type=""Normal"" reason=""Reconfig"" message=""Pod falcon-pod-06 needs reconfiguration"""
05:49:04.417400,log.go:194] falcon-pod-06 in Prefilter
05:49:05.012883,"event.go:307] ""Event occurred"" object=""default/falcon-pod-06"" fieldPath="""" kind=""Pod"" apiVersion=""v1"" type=""Normal"" reason=""Reconfig"" message=""Pod falcon-pod-06 needs reconfiguration"""
05:49:16.368661,log.go:194] falcon-pod-07 in Prefilter
05:49:16.386554,"event.go:307] ""Event occurred"" object=""default/falcon-pod-07"" fieldPath="""" kind=""Pod"" apiVersion=""v1"" type=""Normal"" reason=""Reconfig"" message=""Pod falcon-pod-07 needs reconfiguration"""
05:49:56.579125,log.go:194] falcon-pod-07 in Prefilter
06:01:59.951383,log.go:194] falcon-pod-c02 in Prefilter
06:07:13.252833,log.go:194] falcon-pod-c02 in Prefilter
06:08:06.315625,log.go:194] falcon-pod-a01 in Prefilter
06:09:04.361538,log.go:194] falcon-pod-b03 in Prefilter
06:10:10.434015,log.go:194] falcon-pod-d04 in Prefilter
06:11:11.493647,log.go:194] falcon-pod-a04 in Prefilter
06:11:11.507275,log.go:194] falcon-pod-a04 in Prefilter
06:11:11.516621,log.go:194] falcon-pod-a04 in Prefilter
06:12:30.443128,log.go:194] falcon-pod-a04 in Prefilter
06:12:30.461190,"event.go:307] ""Event occurred"" object=""default/falcon-pod-a04"" fieldPath="""" kind=""Pod"" apiVersion=""v1"" type=""Normal"" reason=""Reconfig"" message=""Pod falcon-pod-a04 needs reconfiguration"""
06:13:13.584397,log.go:194] falcon-pod-a04 in Prefilter
06:13:13.601152,"event.go:307] ""Event occurred"" object=""default/falcon-pod-a04"" fieldPath="""" kind=""Pod"" apiVersion=""v1"" type=""Normal"" reason=""Reconfig"" message=""Pod falcon-pod-a04 needs reconfiguration"""
06:13:23.542669,log.go:194] falcon-pod-d02 in Prefilter
06:13:23.555220,log.go:194] falcon-pod-d02 in Prefilter
06:14:12.528897,log.go:194] falcon-pod-d02 in Prefilter
06:15:30.117929,log.go:194] falcon-pod-d02 in Prefilter
06:15:47.897881,log.go:194] falcon-pod-c01 in Prefilter
06:15:57.089783,log.go:194] falcon-pod-d05 in Prefilter
06:15:57.102051,log.go:194] falcon-pod-d05 in Prefilter
06:15:57.113246,log.go:194] falcon-pod-d05 in Prefilter
06:18:24.023011,log.go:194] falcon-pod-d05 in Prefilter
06:20:51.570013,log.go:194] falcon-pod-d05 in Prefilter
06:21:11.732877,log.go:194] falcon-pod-d03 in Prefilter
06:21:11.753863,"event.go:307] ""Event occurred"" object=""default/falcon-pod-d03"" fieldPath="""" kind=""Pod"" apiVersion=""v1"" type=""Normal"" reason=""Reconfig"" message=""Pod falcon-pod-d03 needs reconfiguration"""
06:22:25.413178,log.go:194] falcon-pod-a05 in Prefilter
06:22:25.426808,log.go:194] falcon-pod-a05 in Prefilter
06:26:15.494178,log.go:194] falcon-pod-a05 in Prefilter
06:26:30.547875,log.go:194] falcon-pod-d01 in Prefilter
06:26:30.561516,log.go:194] falcon-pod-d01 in Prefilter
06:26:30.571910,log.go:194] falcon-pod-d01 in Prefilter
06:27:29.024299,log.go:194] falcon-pod-d01 in Prefilter
06:27:44.279069,log.go:194] falcon-pod-a03 in Prefilter
06:27:55.653830,log.go:194] falcon-pod-a02 in Prefilter
06:27:55.670997,"event.go:307] ""Event occurred"" object=""default/falcon-pod-a02"" fieldPath="""" kind=""Pod"" apiVersion=""v1"" type=""Normal"" reason=""Reconfig"" message=""Pod falcon-pod-a02 needs reconfiguration"""
06:28:34.367390,log.go:194] falcon-pod-c03 in Prefilter
06:28:34.380076,log.go:194] falcon-pod-c03 in Prefilter
06:28:34.404906,log.go:194] falcon-pod-c03 in Prefilter
06:31:31.025007,log.go:194] falcon-pod-c03 in Prefilter
06:31:39.894266,log.go:194] falcon-pod-b01 in Prefilter
06:31:39.909670,log.go:194] falcon-pod-b01 in Prefilter
06:31:39.920936,log.go:194] falcon-pod-b01 in Prefilter
06:32:47.812122,log.go:194] falcon-pod-b01 in Prefilter
06:33:02.552977,log.go:194] falcon-pod-c04 in Prefilter
06:33:13.982684,log.go:194] falcon-pod-b02 in Prefilter
06:33:21.002466,log.go:194] falcon-pod-b05 in Prefilter
06:33:21.018420,"event.go:307] ""Event occurred"" object=""default/falcon-pod-b05"" fieldPath="""" kind=""Pod"" apiVersion=""v1"" type=""Normal"" reason=""Reconfig"" message=""Pod falcon-pod-b05 needs reconfiguration"""
06:34:02.040376,log.go:194] falcon-pod-b04 in Prefilter
06:34:09.063221,log.go:194] falcon-pod-c05 in Prefilter
06:34:09.076765,log.go:194] falcon-pod-c05 in Prefilter
06:36:41.878943,log.go:194] falcon-pod-c05 in Prefilter
06:43:34.389252,log.go:194] falcon-pod-b02 in Prefilter
06:44:19.427705,log.go:194] falcon-pod-c03 in Prefilter
06:45:17.508041,log.go:194] falcon-pod-c06 in Prefilter
06:46:14.515821,log.go:194] falcon-pod-c08 in Prefilter
06:47:21.580718,log.go:194] falcon-pod-b03 in Prefilter
06:48:02.614107,log.go:194] falcon-pod-a01 in Prefilter
06:48:02.627092,log.go:194] falcon-pod-a01 in Prefilter
06:48:50.285961,log.go:194] falcon-pod-a01 in Prefilter
06:49:05.669482,log.go:194] falcon-pod-b05 in Prefilter
06:49:05.682188,log.go:194] falcon-pod-b05 in Prefilter
06:49:05.692066,log.go:194] falcon-pod-b05 in Prefilter
06:49:33.389231,log.go:194] falcon-pod-b05 in Prefilter
06:50:17.748133,log.go:194] falcon-pod-a05 in Prefilter
06:50:17.766373,"event.go:307] ""Event occurred"" object=""default/falcon-pod-a05"" fieldPath="""" kind=""Pod"" apiVersion=""v1"" type=""Normal"" reason=""Reconfig"" message=""Pod falcon-pod-a05 needs reconfiguration"""
06:50:57.959103,log.go:194] falcon-pod-a05 in Prefilter
06:51:21.828217,log.go:194] falcon-pod-c01 in Prefilter
06:52:11.877721,log.go:194] falcon-pod-c02 in Prefilter
06:53:04.934489,log.go:194] falcon-pod-a04 in Prefilter
06:53:04.945977,log.go:194] falcon-pod-a04 in Prefilter
06:53:04.956137,log.go:194] falcon-pod-a04 in Prefilter
06:53:58.459696,log.go:194] falcon-pod-a04 in Prefilter
06:54:07.378634,log.go:194] falcon-pod-b04 in Prefilter
06:55:11.068489,log.go:194] falcon-pod-c10 in Prefilter
06:55:11.081800,log.go:194] falcon-pod-c10 in Prefilter
06:55:11.093693,log.go:194] falcon-pod-c10 in Prefilter
06:56:12.301642,log.go:194] falcon-pod-c10 in Prefilter
06:56:12.319246,"event.go:307] ""Event occurred"" object=""default/falcon-pod-c10"" fieldPath="""" kind=""Pod"" apiVersion=""v1"" type=""Normal"" reason=""Reconfig"" message=""Pod falcon-pod-c10 needs reconfiguration"""
06:56:55.096211,log.go:194] falcon-pod-c10 in Prefilter
06:57:10.724959,log.go:194] falcon-pod-c05 in Prefilter
06:57:26.284734,log.go:194] falcon-pod-b01 in Prefilter
06:57:26.297922,log.go:194] falcon-pod-b01 in Prefilter
06:57:27.310987,log.go:194] falcon-pod-b01 in Prefilter
06:58:27.230533,log.go:194] falcon-pod-c04 in Prefilter
06:58:27.242313,log.go:194] falcon-pod-c04 in Prefilter
06:59:08.640218,log.go:194] falcon-pod-c04 in Prefilter
06:59:08.657085,"event.go:307] ""Event occurred"" object=""default/falcon-pod-c04"" fieldPath="""" kind=""Pod"" apiVersion=""v1"" type=""Normal"" reason=""Reconfig"" message=""Pod falcon-pod-c04 needs reconfiguration"""
06:59:51.191458,log.go:194] falcon-pod-c04 in Prefilter
07:00:03.990898,log.go:194] falcon-pod-c09 in Prefilter
07:00:04.005079,log.go:194] falcon-pod-c09 in Prefilter
07:00:04.016457,log.go:194] falcon-pod-c09 in Prefilter
07:00:04.022128,log.go:194] falcon-pod-c09 in Prefilter
07:02:12.588672,log.go:194] falcon-pod-c09 in Prefilter
07:02:21.466776,log.go:194] falcon-pod-a02 in Prefilter
07:02:28.512278,log.go:194] falcon-pod-c07 in Prefilter
07:02:28.526282,log.go:194] falcon-pod-c07 in Prefilter
07:02:28.555987,log.go:194] falcon-pod-c07 in Prefilter
07:02:30.278249,log.go:194] falcon-pod-c07 in Prefilter
07:02:40.151593,log.go:194] falcon-pod-a03 in Prefilter
07:02:40.163968,log.go:194] falcon-pod-a03 in Prefilter
07:02:40.174560,log.go:194] falcon-pod-a03 in Prefilter
07:02:41.288180,log.go:194] falcon-pod-a03 in Prefilter
07:10:40.641944,log.go:194] falcon-pod-b08 in Prefilter
07:11:28.692035,log.go:194] falcon-pod-b10 in Prefilter
07:12:26.745680,log.go:194] falcon-pod-b09 in Prefilter
07:13:32.822479,log.go:194] falcon-pod-a08 in Prefilter
07:14:50.897338,log.go:194] falcon-pod-a02 in Prefilter
07:15:44.941689,log.go:194] falcon-pod-a04 in Prefilter
07:15:44.954712,log.go:194] falcon-pod-a04 in Prefilter
07:15:44.966511,log.go:194] falcon-pod-a04 in Prefilter
07:15:53.700811,log.go:194] falcon-pod-a04 in Prefilter
07:16:49.011464,log.go:194] falcon-pod-a03 in Prefilter
07:16:49.023967,log.go:194] falcon-pod-a03 in Prefilter
07:17:33.945537,log.go:194] falcon-pod-a03 in Prefilter
07:17:46.077126,log.go:194] falcon-pod-a05 in Prefilter
07:17:46.091805,log.go:194] falcon-pod-a05 in Prefilter
07:18:51.271044,log.go:194] falcon-pod-a05 in Prefilter
07:19:06.689845,log.go:194] falcon-pod-b02 in Prefilter
07:19:06.702667,log.go:194] falcon-pod-b02 in Prefilter
07:20:06.318967,log.go:194] falcon-pod-b02 in Prefilter
07:20:20.567274,log.go:194] falcon-pod-a09 in Prefilter
07:20:20.580131,log.go:194] falcon-pod-a09 in Prefilter
07:20:20.589651,log.go:194] falcon-pod-a09 in Prefilter
07:21:01.718987,log.go:194] falcon-pod-a09 in Prefilter
07:21:11.598702,log.go:194] falcon-pod-a10 in Prefilter
07:21:11.610805,log.go:194] falcon-pod-a10 in Prefilter
07:21:11.622547,log.go:194] falcon-pod-a10 in Prefilter
07:22:44.637472,log.go:194] falcon-pod-a10 in Prefilter
07:22:53.274760,log.go:194] falcon-pod-a06 in Prefilter
07:22:53.287772,log.go:194] falcon-pod-a06 in Prefilter
07:22:53.299330,log.go:194] falcon-pod-a06 in Prefilter
07:24:07.063703,log.go:194] falcon-pod-a06 in Prefilter
07:24:22.218072,log.go:194] falcon-pod-a07 in Prefilter
07:24:22.231399,log.go:194] falcon-pod-a07 in Prefilter
07:25:22.140936,log.go:194] falcon-pod-a07 in Prefilter
07:25:37.063005,log.go:194] falcon-pod-b03 in Prefilter
07:25:37.075120,log.go:194] falcon-pod-b03 in Prefilter
07:26:12.608684,log.go:194] falcon-pod-b03 in Prefilter
07:26:22.374117,log.go:194] falcon-pod-b06 in Prefilter
07:26:29.362688,log.go:194] falcon-pod-b05 in Prefilter
07:26:29.374764,log.go:194] falcon-pod-b05 in Prefilter
07:26:29.384240,log.go:194] falcon-pod-b05 in Prefilter
07:27:55.385709,log.go:194] falcon-pod-b05 in Prefilter
07:28:01.802618,log.go:194] falcon-pod-b07 in Prefilter
07:28:01.819562,"event.go:307] ""Event occurred"" object=""default/falcon-pod-b07"" fieldPath="""" kind=""Pod"" apiVersion=""v1"" type=""Normal"" reason=""Reconfig"" message=""Pod falcon-pod-b07 needs reconfiguration"""
07:28:42.013420,log.go:194] falcon-pod-b07 in Prefilter
07:28:42.609994,"event.go:307] ""Event occurred"" object=""default/falcon-pod-b07"" fieldPath="""" kind=""Pod"" apiVersion=""v1"" type=""Normal"" reason=""Reconfig"" message=""Pod falcon-pod-b07 needs reconfiguration"""
07:29:04.751107,log.go:194] falcon-pod-b04 in Prefilter
07:29:04.765343,log.go:194] falcon-pod-b04 in Prefilter
07:29:23.104815,log.go:194] falcon-pod-b04 in Prefilter
07:29:32.587218,log.go:194] falcon-pod-a01 in Prefilter
07:29:32.600074,log.go:194] falcon-pod-a01 in Prefilter
07:30:37.588319,log.go:194] falcon-pod-a01 in Prefilter
07:30:46.489810,log.go:194] falcon-pod-b01 in Prefilter
07:39:56.254669,log.go:194] falcon-pod-d03 in Prefilter
07:41:04.315852,log.go:194] falcon-pod-d04 in Prefilter
07:41:04.331677,"event.go:307] ""Event occurred"" object=""default/falcon-pod-d04"" fieldPath="""" kind=""Pod"" apiVersion=""v1"" type=""Normal"" reason=""Reconfig"" message=""Pod falcon-pod-d04 needs reconfiguration"""
07:42:09.389957,log.go:194] falcon-pod-b05 in Prefilter
07:42:09.402550,log.go:194] falcon-pod-b05 in Prefilter
07:45:18.468400,log.go:194] falcon-pod-b05 in Prefilter
07:45:33.376662,log.go:194] falcon-pod-c06 in Prefilter
07:45:44.722727,log.go:194] falcon-pod-b01 in Prefilter
07:45:44.735823,log.go:194] falcon-pod-b01 in Prefilter
07:45:44.744632,log.go:194] falcon-pod-b01 in Prefilter
07:46:55.541545,log.go:194] falcon-pod-b01 in Prefilter
07:47:02.421168,log.go:194] falcon-pod-c03 in Prefilter
07:47:17.001446,log.go:194] falcon-pod-a03 in Prefilter
07:47:42.655120,log.go:194] falcon-pod-d05 in Prefilter
07:47:42.667971,log.go:194] falcon-pod-d05 in Prefilter
07:50:34.837708,log.go:194] falcon-pod-d05 in Prefilter
07:50:47.123056,log.go:194] falcon-pod-d05 in Prefilter
07:50:47.141559,"event.go:307] ""Event occurred"" object=""default/falcon-pod-d05"" fieldPath="""" kind=""Pod"" apiVersion=""v1"" type=""Normal"" reason=""Reconfig"" message=""Pod falcon-pod-d05 needs reconfiguration"""
07:51:41.683729,log.go:194] falcon-pod-d01 in Prefilter
07:51:41.697640,log.go:194] falcon-pod-d01 in Prefilter
07:51:41.707651,log.go:194] falcon-pod-d01 in Prefilter
07:52:03.338637,log.go:194] falcon-pod-d01 in Prefilter
07:52:18.812619,log.go:194] falcon-pod-d01 in Prefilter
07:52:27.850161,log.go:194] falcon-pod-d01 in Prefilter
07:52:27.874410,"event.go:307] ""Event occurred"" object=""default/falcon-pod-d01"" fieldPath="""" kind=""Pod"" apiVersion=""v1"" type=""Normal"" reason=""Reconfig"" message=""Pod falcon-pod-d01 needs reconfiguration"""
07:53:17.069713,log.go:194] falcon-pod-c02 in Prefilter
07:53:17.088296,log.go:194] falcon-pod-c02 in Prefilter
07:53:17.098235,log.go:194] falcon-pod-c02 in Prefilter
07:56:45.160538,log.go:194] falcon-pod-c02 in Prefilter
07:57:00.397595,log.go:194] falcon-pod-a05 in Prefilter
07:57:09.585429,log.go:194] falcon-pod-a04 in Prefilter
07:57:09.602688,"event.go:307] ""Event occurred"" object=""default/falcon-pod-a04"" fieldPath="""" kind=""Pod"" apiVersion=""v1"" type=""Normal"" reason=""Reconfig"" message=""Pod falcon-pod-a04 needs reconfiguration"""
07:57:49.795171,log.go:194] falcon-pod-a04 in Prefilter
07:57:49.997148,log.go:194] falcon-pod-a04 in Prefilter
07:57:50.197365,log.go:194] falcon-pod-a04 in Prefilter
07:57:58.068562,log.go:194] falcon-pod-a04 in Prefilter
07:58:04.773535,log.go:194] falcon-pod-b06 in Prefilter
07:58:04.785717,log.go:194] falcon-pod-b06 in Prefilter
07:58:04.797170,log.go:194] falcon-pod-b06 in Prefilter
07:58:20.632029,log.go:194] falcon-pod-b06 in Prefilter
07:58:34.770638,log.go:194] falcon-pod-d02 in Prefilter
07:58:34.781319,log.go:194] falcon-pod-d02 in Prefilter
08:02:02.354936,log.go:194] falcon-pod-d02 in Prefilter
08:02:02.371996,"event.go:307] ""Event occurred"" object=""default/falcon-pod-d02"" fieldPath="""" kind=""Pod"" apiVersion=""v1"" type=""Normal"" reason=""Reconfig"" message=""Pod falcon-pod-d02 needs reconfiguration"""
08:02:45.339142,log.go:194] falcon-pod-d02 in Prefilter
08:03:00.306037,log.go:194] falcon-pod-a01 in Prefilter
08:03:09.536708,log.go:194] falcon-pod-c04 in Prefilter
08:03:09.552923,"event.go:307] ""Event occurred"" object=""default/falcon-pod-c04"" fieldPath="""" kind=""Pod"" apiVersion=""v1"" type=""Normal"" reason=""Reconfig"" message=""Pod falcon-pod-c04 needs reconfiguration"""
08:03:59.377145,log.go:194] falcon-pod-b04 in Prefilter
08:04:06.391032,log.go:194] falcon-pod-d06 in Prefilter
08:04:06.416843,log.go:194] falcon-pod-d06 in Prefilter
08:04:06.426966,log.go:194] falcon-pod-d06 in Prefilter
08:08:04.564620,log.go:194] falcon-pod-d06 in Prefilter
08:08:18.946049,log.go:194] falcon-pod-c05 in Prefilter
08:08:18.958876,log.go:194] falcon-pod-c05 in Prefilter
08:09:01.830919,log.go:194] falcon-pod-c05 in Prefilter
08:09:13.142834,log.go:194] falcon-pod-b03 in Prefilter
08:09:20.182963,log.go:194] falcon-pod-e01 in Prefilter
08:09:20.195794,log.go:194] falcon-pod-e01 in Prefilter
08:09:20.205360,log.go:194] falcon-pod-e01 in Prefilter
08:13:22.902383,log.go:194] falcon-pod-e01 in Prefilter
08:14:14.643822,log.go:194] falcon-pod-e01 in Prefilter
08:14:20.904092,log.go:194] falcon-pod-e01 in Prefilter
08:14:20.923162,"event.go:307] ""Event occurred"" object=""default/falcon-pod-e01"" fieldPath="""" kind=""Pod"" apiVersion=""v1"" type=""Normal"" reason=""Reconfig"" message=""Pod falcon-pod-e01 needs reconfiguration"""
08:15:16.488479,log.go:194] falcon-pod-b02 in Prefilter
08:15:16.501494,log.go:194] falcon-pod-b02 in Prefilter
08:20:23.953251,log.go:194] falcon-pod-b02 in Prefilter
08:20:49.916679,log.go:194] falcon-pod-c01 in Prefilter
08:21:12.311123,log.go:194] falcon-pod-a06 in Prefilter
08:21:30.353850,log.go:194] falcon-pod-a02 in Prefilter
08:21:30.370859,"event.go:307] ""Event occurred"" object=""default/falcon-pod-a02"" fieldPath="""" kind=""Pod"" apiVersion=""v1"" type=""Normal"" reason=""Reconfig"" message=""Pod falcon-pod-a02 needs reconfiguration"""
14:04:27.179891,log.go:194] falcon-pod-c02 in Prefilter
14:04:51.214463,log.go:194] falcon-pod-b04 in Prefilter
14:05:20.239801,log.go:194] falcon-pod-b05 in Prefilter
14:05:54.282918,log.go:194] falcon-pod-c04 in Prefilter
14:06:25.309341,log.go:194] falcon-pod-a03 in Prefilter
14:07:01.332168,log.go:194] falcon-pod-c10 in Prefilter
14:07:01.344595,log.go:194] falcon-pod-c10 in Prefilter
14:09:44.471207,log.go:194] falcon-pod-c10 in Prefilter
14:09:53.476477,log.go:194] falcon-pod-c08 in Prefilter
14:09:53.487136,log.go:194] falcon-pod-c08 in Prefilter
14:10:01.561241,log.go:194] falcon-pod-c08 in Prefilter
14:10:01.579268,"event.go:307] ""Event occurred"" object=""default/falcon-pod-c08"" fieldPath="""" kind=""Pod"" apiVersion=""v1"" type=""Normal"" reason=""Reconfig"" message=""Pod falcon-pod-c08 needs reconfiguration"""
14:10:44.030140,log.go:194] falcon-pod-c08 in Prefilter
14:10:57.225979,log.go:194] falcon-pod-a01 in Prefilter
14:11:04.187141,log.go:194] falcon-pod-b01 in Prefilter
14:11:04.199063,log.go:194] falcon-pod-b01 in Prefilter
14:11:04.209684,log.go:194] falcon-pod-b01 in Prefilter
14:11:10.646863,log.go:194] falcon-pod-b01 in Prefilter
14:11:19.903389,log.go:194] falcon-pod-a02 in Prefilter
14:11:19.913399,log.go:194] falcon-pod-a02 in Prefilter
14:11:19.924018,log.go:194] falcon-pod-a02 in Prefilter
14:11:35.576611,log.go:194] falcon-pod-a02 in Prefilter
14:11:44.386791,log.go:194] falcon-pod-a05 in Prefilter
14:11:44.397314,log.go:194] falcon-pod-a05 in Prefilter
14:14:56.393873,log.go:194] falcon-pod-a05 in Prefilter
14:15:58.751927,log.go:194] falcon-pod-a05 in Prefilter
14:16:15.681727,log.go:194] falcon-pod-c07 in Prefilter
14:16:15.699391,"event.go:307] ""Event occurred"" object=""default/falcon-pod-c07"" fieldPath="""" kind=""Pod"" apiVersion=""v1"" type=""Normal"" reason=""Reconfig"" message=""Pod falcon-pod-c07 needs reconfiguration"""
14:16:55.893414,log.go:194] falcon-pod-c07 in Prefilter
14:17:11.876164,log.go:194] falcon-pod-b02 in Prefilter
14:17:21.051800,log.go:194] falcon-pod-c03 in Prefilter
14:17:32.438857,log.go:194] falcon-pod-b03 in Prefilter
14:17:39.445490,log.go:194] falcon-pod-a04 in Prefilter
14:17:39.459964,log.go:194] falcon-pod-a04 in Prefilter
14:21:16.130361,log.go:194] falcon-pod-a04 in Prefilter
14:21:25.502908,log.go:194] falcon-pod-c06 in Prefilter
14:21:25.515223,log.go:194] falcon-pod-c06 in Prefilter
14:22:13.794827,log.go:194] falcon-pod-c06 in Prefilter
14:22:22.953862,log.go:194] falcon-pod-c01 in Prefilter
14:22:22.966105,log.go:194] falcon-pod-c01 in Prefilter
14:22:23.987988,log.go:194] falcon-pod-c01 in Prefilter
14:22:24.005146,"event.go:307] ""Event occurred"" object=""default/falcon-pod-c01"" fieldPath="""" kind=""Pod"" apiVersion=""v1"" type=""Normal"" reason=""Reconfig"" message=""Pod falcon-pod-c01 needs reconfiguration"""
14:23:06.238744,log.go:194] falcon-pod-c05 in Prefilter
14:23:15.477016,log.go:194] falcon-pod-c09 in Prefilter
14:23:15.488308,log.go:194] falcon-pod-c09 in Prefilter
14:26:26.334594,log.go:194] falcon-pod-c09 in Prefilter
14:26:26.353699,"event.go:307] ""Event occurred"" object=""default/falcon-pod-c09"" fieldPath="""" kind=""Pod"" apiVersion=""v1"" type=""Normal"" reason=""Reconfig"" message=""Pod falcon-pod-c09 needs reconfiguration"""
